{
  "threshold": 0.5,
  "n_speakers": 188,
  "n_clips_used": 2571,
  "n_excluded_after_symptoms": 272,
  "text_plus_acoustic_narrative": {
    "auc": 0.9015567765567767,
    "f1": 0.8292682926829268,
    "accuracy": 0.851063829787234
  }
}