{
  "medgemma_text_pre_symptoms": {
    "Speaker Full__LogReg": {
      "mean_auc": 0.8375672779233151,
      "std_auc": 0.05188204099480014,
      "mean_f1": 0.7795151432220397,
      "mean_acc": 0.8021390374331551,
      "fold_aucs": [
        0.8947368421052632,
        0.9,
        0.7720588235294118,
        0.7941176470588236,
        0.8269230769230769
      ]
    },
    "Speaker Full__GBM": {
      "mean_auc": 0.799866606561653,
      "std_auc": 0.046506429951877856,
      "mean_f1": 0.6906719576719575,
      "mean_acc": 0.7363636363636363,
      "fold_aucs": [
        0.8350877192982458,
        0.8214285714285714,
        0.75,
        0.738970588235294,
        0.8538461538461539
      ]
    },
    "Speaker PCA-64__LogReg": {
      "mean_auc": 0.7888825570714115,
      "std_auc": 0.05240156966159965,
      "mean_f1": 0.7174384236453202,
      "mean_acc": 0.7481283422459892,
      "fold_aucs": [
        0.7789473684210526,
        0.8857142857142857,
        0.7316176470588236,
        0.7904411764705883,
        0.7576923076923077
      ]
    },
    "Speaker PCA-64__GBM": {
      "mean_auc": 0.8209765363635333,
      "std_auc": 0.0508611633088086,
      "mean_f1": 0.5095438596491227,
      "mean_acc": 0.6828877005347593,
      "fold_aucs": [
        0.7754385964912281,
        0.9142857142857144,
        0.8125,
        0.775735294117647,
        0.8269230769230769
      ]
    },
    "Speaker PCA-128__LogReg": {
      "mean_auc": 0.8165116127422628,
      "std_auc": 0.04749350574891966,
      "mean_f1": 0.7090124069478909,
      "mean_acc": 0.7600713012477719,
      "fold_aucs": [
        0.8912280701754386,
        0.8428571428571429,
        0.7647058823529411,
        0.7683823529411764,
        0.8153846153846154
      ]
    },
    "Speaker PCA-128__GBM": {
      "mean_auc": 0.7999697490332165,
      "std_auc": 0.06017203376931814,
      "mean_f1": 0.6312967032967033,
      "mean_acc": 0.7304812834224599,
      "fold_aucs": [
        0.7754385964912281,
        0.8392857142857143,
        0.7279411764705882,
        0.7610294117647058,
        0.8961538461538462
      ]
    }
  },
  "hear_pre_symptoms": {
    "Speaker Full__LogReg": {
      "mean_auc": 0.7905929983329363,
      "std_auc": 0.05329825287649625,
      "mean_f1": 0.6669950738916256,
      "mean_acc": 0.7185383244206773,
      "fold_aucs": [
        0.8421052631578948,
        0.7749999999999999,
        0.8014705882352942,
        0.838235294117647,
        0.6961538461538461
      ]
    },
    "Speaker Full__SVM_RBF": {
      "mean_auc": 0.7732364848773517,
      "std_auc": 0.038054823122031636,
      "mean_f1": 0.6754548440065682,
      "mean_acc": 0.7304812834224601,
      "fold_aucs": [
        0.8105263157894737,
        0.8,
        0.7463235294117647,
        0.7977941176470589,
        0.7115384615384616
      ]
    },
    "Speaker Full__MLP": {
      "mean_auc": 0.7651333650869254,
      "std_auc": 0.027181498774125387,
      "mean_f1": 0.6778638373121131,
      "mean_acc": 0.7301247771836008,
      "fold_aucs": [
        0.7789473684210526,
        0.8,
        0.7647058823529412,
        0.7647058823529412,
        0.7173076923076923
      ]
    },
    "Speaker Full__GBM": {
      "mean_auc": 0.7744521654815772,
      "std_auc": 0.044985990824295725,
      "mean_f1": 0.6675238095238096,
      "mean_acc": 0.7304812834224601,
      "fold_aucs": [
        0.7999999999999999,
        0.8392857142857143,
        0.7426470588235294,
        0.7095588235294117,
        0.7807692307692309
      ]
    },
    "Speaker PCA-64__LogReg": {
      "mean_auc": 0.7500324340262421,
      "std_auc": 0.05470712161776523,
      "mean_f1": 0.6154022988505747,
      "mean_acc": 0.6825311942959,
      "fold_aucs": [
        0.7438596491228071,
        0.7607142857142857,
        0.7867647058823529,
        0.8088235294117647,
        0.6499999999999999
      ]
    },
    "Speaker PCA-64__SVM_RBF": {
      "mean_auc": 0.7448187210106715,
      "std_auc": 0.050223482351011636,
      "mean_f1": 0.3732047364400306,
      "mean_acc": 0.6349376114081997,
      "fold_aucs": [
        0.7403508771929825,
        0.8142857142857143,
        0.7536764705882353,
        0.6580882352941176,
        0.7576923076923077
      ]
    },
    "Speaker PCA-64__MLP": {
      "mean_auc": 0.687773874732079,
      "std_auc": 0.049733916064114585,
      "mean_f1": 0.5123076923076924,
      "mean_acc": 0.610873440285205,
      "fold_aucs": [
        0.6210526315789473,
        0.675,
        0.7352941176470589,
        0.7536764705882353,
        0.6538461538461539
      ]
    },
    "Speaker PCA-64__GBM": {
      "mean_auc": 0.7490708388618605,
      "std_auc": 0.0585923483583621,
      "mean_f1": 0.45379757085020245,
      "mean_acc": 0.6344028520499109,
      "fold_aucs": [
        0.7719298245614035,
        0.8285714285714286,
        0.6654411764705882,
        0.7794117647058824,
        0.7000000000000001
      ]
    },
    "Speaker PCA-128__LogReg": {
      "mean_auc": 0.6948406650109437,
      "std_auc": 0.02441132001010682,
      "mean_f1": 0.5451119251119251,
      "mean_acc": 0.6349376114081996,
      "fold_aucs": [
        0.6771929824561403,
        0.6785714285714285,
        0.7426470588235294,
        0.6911764705882353,
        0.6846153846153846
      ]
    },
    "Speaker PCA-128__SVM_RBF": {
      "mean_auc": 0.28982853060252445,
      "std_auc": 0.020495011490854555,
      "mean_f1": 0.32402452873041104,
      "mean_acc": 0.3112299465240641,
      "fold_aucs": [
        0.28421052631578947,
        0.325,
        0.2610294117647059,
        0.29044117647058826,
        0.2884615384615385
      ]
    },
    "Speaker PCA-128__MLP": {
      "mean_auc": 0.6254317921500585,
      "std_auc": 0.06795281564953128,
      "mean_f1": 0.45083612040133775,
      "mean_acc": 0.5869875222816399,
      "fold_aucs": [
        0.6456140350877193,
        0.5178571428571428,
        0.7058823529411765,
        0.5808823529411764,
        0.676923076923077
      ]
    },
    "Speaker PCA-128__GBM": {
      "mean_auc": 0.7105816861157418,
      "std_auc": 0.06619041288888708,
      "mean_f1": 0.5441595441595442,
      "mean_acc": 0.6588235294117648,
      "fold_aucs": [
        0.6421052631578947,
        0.775,
        0.6691176470588236,
        0.8051470588235294,
        0.6615384615384616
      ]
    },
    "Clip PCA-64__LogReg": {
      "mean_auc": 0.5579366000387755,
      "std_auc": 0.022599028458239395,
      "mean_f1": 0.4042368959374465,
      "mean_acc": 0.5650793650793651,
      "fold_aucs": [
        0.5679012345679013,
        0.5767973856209151,
        0.5318930041152263,
        0.5299334811529933,
        0.5831578947368421
      ]
    },
    "Clip PCA-64__SVM_RBF": {
      "mean_auc": 0.5573021165082548,
      "std_auc": 0.038680312452847095,
      "mean_f1": 0.0,
      "mean_acc": 0.6698412698412698,
      "fold_aucs": [
        0.6037037037037037,
        0.5604575163398693,
        0.5020576131687242,
        0.5266075388026606,
        0.5936842105263157
      ]
    },
    "Clip PCA-64__MLP": {
      "mean_auc": 0.5745919570861385,
      "std_auc": 0.04069965662408387,
      "mean_f1": 0.36462703962703963,
      "mean_acc": 0.6476190476190476,
      "fold_aucs": [
        0.6333333333333333,
        0.5980392156862745,
        0.5195473251028807,
        0.582039911308204,
        0.54
      ]
    },
    "Clip PCA-64__GBM": {
      "mean_auc": 0.5123905373043786,
      "std_auc": 0.04737291386485465,
      "mean_f1": 0.2447044073271282,
      "mean_acc": 0.6698412698412699,
      "fold_aucs": [
        0.4493827160493827,
        0.46405228758169936,
        0.5524691358024691,
        0.5676274944567627,
        0.528421052631579
      ]
    },
    "Clip PCA-128__LogReg": {
      "mean_auc": 0.5436237798966788,
      "std_auc": 0.07665987327811592,
      "mean_f1": 0.36978428978428973,
      "mean_acc": 0.5555555555555556,